lucode,load_n,load_type_n,load_p,load_type_p,eff_n,eff_p,crit_len_n,crit_len_p,proportion_subsurface_n
0,7.567710435,measured-runoff,0.05,measured-runoff,0.05,0.05,100,100,0.5
1,0.590024004,measured-runoff,0.05,measured-runoff,0.7,0.8,800,500,0.9
2,0,measured-runoff,0,measured-runoff,0.7,0.8,800,500,0.9
3,0.02098191,measured-runoff,0.05,measured-runoff,0.7,0.8,800,500,0.9
4,0.365381723,measured-runoff,0.05,measured-runoff,0.7,0.8,800,500,0.9
5,0.793956616,measured-runoff,0.1,measured-runoff,0.7,0.8,800,500,0.9
6,0.062132654,measured-runoff,0.1,measured-runoff,0.7,0.8,800,500,0.9
7,3.524792016,measured-runoff,0.1,measured-runoff,0.7,0.8,800,500,0.9
8,3.000711661,measured-runoff,0.1,measured-runoff,0.7,0.8,800,500,0.9
9,0.384409284,measured-runoff,0.05,measured-runoff,0.7,0.8,800,500,0.9
10,0.3022368,measured-runoff,0.1,measured-runoff,0.05,0.05,150,150,0.5
11,2.187926199,measured-runoff,1,measured-runoff,0.05,0.05,100,100,0.5
12,3.906363619,measured-runoff,0.2,measured-runoff,0.6,0.7,500,300,0.85
13,6.774612663,measured-runoff,0.9,measured-runoff,0.2,0.3,200,200,0.8
14,16.60906092,measured-runoff,0.15,measured-runoff,0.2,0.25,200,150,0.75
15,20.64167793,measured-runoff,1.8,measured-runoff,0.1,0.15,150,150,0.7
16,17.10222581,measured-runoff,1.8,measured-runoff,0.1,0.15,150,150,0.7
17,37.94886693,measured-runoff,1.5,measured-runoff,0.1,0.2,150,200,0.85
18,9.20184053,measured-runoff,0.9,measured-runoff,0.2,0.3,200,200,0.8
19,16.37040813,measured-runoff,1.1,measured-runoff,0.1,0.15,150,150,0.7
20,19.98237418,measured-runoff,1.1,measured-runoff,0.1,0.15,150,150,0.7
21,7.464230986,measured-runoff,0.9,measured-runoff,0.2,0.3,200,200,0.8
22,23.21999931,measured-runoff,1.5,measured-runoff,0.1,0.2,150,200,0.85
23,11.28802897,measured-runoff,0.6,measured-runoff,0.2,0.25,200,150,0.75
24,12.70835038,measured-runoff,1.1,measured-runoff,0.1,0.15,150,150,0.7
25,19.94506233,measured-runoff,1.1,measured-runoff,0.1,0.15,150,150,0.7
26,17.36194179,measured-runoff,1.2,measured-runoff,0.1,0.15,150,150,0.7
27,10.54628349,measured-runoff,1.2,measured-runoff,0.1,0.15,150,150,0.7
28,18.14812047,measured-runoff,1.1,measured-runoff,0.1,0.15,150,150,0.7
29,15.7602756,measured-runoff,1.8,measured-runoff,0.1,0.15,150,150,0.7
30,18.65595436,measured-runoff,1.1,measured-runoff,0.1,0.15,150,150,0.7
31,13.18498241,measured-runoff,1.5,measured-runoff,0.1,0.15,150,150,0.7
32,20.33829689,measured-runoff,1.1,measured-runoff,0.1,0.15,150,150,0.7
33,16.85209892,measured-runoff,1.2,measured-runoff,0.1,0.15,150,150,0.7
34,13.01289272,measured-runoff,0.15,measured-runoff,0.2,0.25,200,150,0.75
35,16.14367304,measured-runoff,1.8,measured-runoff,0.1,0.15,150,150,0.7
36,14.54954834,measured-runoff,1.8,measured-runoff,0.1,0.15,150,150,0.7
37,25.2877899,measured-runoff,1.5,measured-runoff,0.1,0.2,150,200,0.85
38,12.12179184,measured-runoff,0.8,measured-runoff,0.2,0.25,200,150,0.75
39,11.5347931,measured-runoff,1.1,measured-runoff,0.1,0.15,150,150,0.7
40,16.87726412,measured-runoff,1.1,measured-runoff,0.1,0.15,150,150,0.7
41,15.11748302,measured-runoff,0.8,measured-runoff,0.2,0.25,200,150,0.75
42,15.4007983,measured-runoff,1.1,measured-runoff,0.1,0.15,150,150,0.7
43,18.73972249,measured-runoff,1.2,measured-runoff,0.1,0.15,150,150,0.7
44,9.165496504,measured-runoff,1.2,measured-runoff,0.1,0.15,150,150,0.7
45,8.111513857,measured-runoff,1.1,measured-runoff,0.1,0.15,150,150,0.7
46,14.46119853,measured-runoff,1.8,measured-runoff,0.1,0.15,150,150,0.7
47,53.16197355,measured-runoff,1.5,measured-runoff,0.1,0.15,150,150,0.7
48,11.94553782,measured-runoff,0.8,measured-runoff,0.2,0.25,200,150,0.75
49,13.60164573,measured-runoff,0.15,measured-runoff,0.2,0.25,200,150,0.75
50,14.61592361,measured-runoff,0.6,measured-runoff,0.2,0.25,200,150,0.75
51,11.16107456,measured-runoff,1.8,measured-runoff,0.1,0.15,150,150,0.7
52,22.61764672,measured-runoff,1.8,measured-runoff,0.1,0.15,150,150,0.7
53,7.002478647,measured-runoff,0.6,measured-runoff,0.2,0.25,200,150,0.75
54,6.395966116,measured-runoff,0.6,measured-runoff,0.2,0.25,200,150,0.75
55,17.04768823,measured-runoff,0.6,measured-runoff,0.2,0.25,200,150,0.75
56,5.756390426,measured-runoff,0.6,measured-runoff,0.2,0.25,200,150,0.75
57,10.72312032,measured-runoff,0.6,measured-runoff,0.2,0.25,200,150,0.75
58,10.17390345,measured-runoff,0.6,measured-runoff,0.2,0.25,200,150,0.75
59,12.03692579,measured-runoff,0.6,measured-runoff,0.2,0.25,200,150,0.75
60,22.12191772,measured-runoff,1.8,measured-runoff,0.1,0.15,150,150,0.7
61,11.95739692,measured-runoff,0.6,measured-runoff,0.2,0.25,200,150,0.75
62,13.72388742,measured-runoff,2,measured-runoff,0.1,0.15,150,150,0.7
63,18.13881415,measured-runoff,1.5,measured-runoff,0.05,0.1,100,100,0.6
64,11.60354451,measured-runoff,1.6,measured-runoff,0.05,0.1,100,100,0.6
65,1.512723272,measured-runoff,1,measured-runoff,0.05,0.1,100,100,0.6
66,0.147141846,measured-runoff,0.2,measured-runoff,0.02,0.02,100,100,0.5
67,9.966317792,measured-runoff,0.9,measured-runoff,0.2,0.3,200,200,0.8
68,0.094954562,measured-runoff,0.2,measured-runoff,0.02,0.02,100,100,0.5
69,8.700764983,measured-runoff,1.6,measured-runoff,0.05,0.1,100,100,0.6
70,15.71118066,measured-runoff,1.8,measured-runoff,0.05,0.05,100,100,0.5
71,14.48195317,measured-runoff,1,measured-runoff,0.05,0.05,100,100,0.5
72,7.375180409,measured-runoff,0.6,measured-runoff,0.05,0.05,100,100,0.4
73,4.149658023,measured-runoff,0.4,measured-runoff,0.05,0.05,150,150,0.4
74,1.745528362,measured-runoff,0.4,measured-runoff,0.05,0.05,100,100,0.4
75,3.786623943,measured-runoff,0.7,measured-runoff,0.05,0.05,100,100,0.4
76,5.711461946,measured-runoff,0.7,measured-runoff,0.05,0.05,100,100,0.4
77,12.932541,measured-runoff,0.7,measured-runoff,0.05,0.05,100,100,0.4
78,5.617206011,measured-runoff,0.3,measured-runoff,0.02,0.02,100,100,0.3
79,3.127601528,measured-runoff,0.3,measured-runoff,0.02,0.02,100,100,0.3
80,2.132626755,measured-runoff,0.3,measured-runoff,0.02,0.02,100,100,0.3
81,0.74481781,measured-runoff,0.3,measured-runoff,0.02,0.02,100,100,0.3
82,0.119456561,measured-runoff,0.1,measured-runoff,0.02,0.02,100,100,0.3
83,1.4459597,measured-runoff,0.3,measured-runoff,0.02,0.02,100,100,0.3
84,2.970759,measured-runoff,0.3,measured-runoff,0.02,0.02,100,100,0.3
85,2.463755029,measured-runoff,0.3,measured-runoff,0.02,0.02,100,100,0.3
86,7.856575801,measured-runoff,0.8,measured-runoff,0.02,0.02,100,100,0.3
87,0,measured-runoff,0.1,measured-runoff,0.02,0.02,100,100,0.3
88,3.062367198,measured-runoff,0.3,measured-runoff,0.02,0.02,100,100,0.3
89,0.136717269,measured-runoff,0.1,measured-runoff,0.02,0.02,100,100,0.3
90,7.209282217,measured-runoff,0.8,measured-runoff,0.02,0.02,100,100,0.3
91,51.5246048,measured-runoff,0.8,measured-runoff,0.02,0.02,100,100,0.3
92,9.166256904,measured-runoff,1.8,measured-runoff,0.05,0.05,100,100,0.5
93,6.027352511,measured-runoff,1,measured-runoff,0.05,0.05,100,100,0.5
